<?xml version="1.0" encoding="UTF-8" ?>
<!DOCTYPE mapper
        PUBLIC "-//mybatis.org//DTD Mapper 3.0//EN"
        "http://mybatis.org/dtd/mybatis-3-mapper.dtd">
<mapper namespace="com.jhd.store.demo.mapper.DemoMapper">
    <resultMap id="demoResultMap" type="com.jhd.store.demo.model.Demo">
        <id column="id" property="id" jdbcType="BIGINT"/>                         <!-- 主键 -->
        <result column="version" property="version" jdbcType="INTEGER"/>          <!-- 乐观锁，版本控制 -->
        <result column="name" property="name" jdbcType="VARCHAR"/>
        <result column="age" property="age" jdbcType="INTEGER"/>
        <result column="create_date" property="createDate" jdbcType="TIMESTAMP"/> <!-- 创建时间 -->
        <result column="create_time" property="createTime" jdbcType="BIGINT"/>    <!-- 创建时间,时间戳格式 -->
        <result column="type" property="type" jdbcType="VARCHAR"/>
    </resultMap>
    <sql id="demoAllColumns">
        id,version,name,age,create_date,create_time,type
    </sql>
    <select id="find" resultMap="demoResultMap" parameterType="Long">
        select <include refid="demoAllColumns"/> from table_demo where id = #{id}
    </select>
    <delete id="delete" parameterType="Long">
        delete from table_demo where id = #{id}
    </delete>

    <delete id="deleteByCriteria" parameterType="com.jhd.store.demo.criteria.DemoCriteria">
        delete from table_demo
        <where>
            <if test="name != null">
                and name = #{name}
            </if>
            <if test="age != null">
                and age = #{age}
            </if>
            <if test="sdate != null">
                and create_time >= #{sdate.time}
            </if>
            <if test="edate != null">
                and create_time &lt;= #{edate.time}
            </if>
            <if test="type != null">
                and type = #{type}
            </if>
        </where>
    </delete>
    <insert id="save" parameterType="com.jhd.store.demo.model.Demo" >
        insert into table_demo (<include refid="demoAllColumns"/>)
        values (#{id},0,#{name},#{age},#{createDate},#{createTime},#{type})
    </insert>

    <insert id="saveBatch" parameterType="com.jhd.store.demo.model.Demo" >
        insert into table_demo (<include refid="demoAllColumns"/>)
        values
        <foreach collection="list" item="item" index="index" separator="," >
            (#{item.id},0,#{item.name},#{item.age},#{item.createDate},#{item.createTime},#{item.type})
        </foreach>
            </insert>
    <update id="update" parameterType="com.jhd.store.demo.model.Demo">
        update table_demo
        <set>
                <bind name="versionUpdate" value="version + 1"/>
                version = #{versionUpdate},
            <if test="name != null">
                name = #{name},
            </if>
            <if test="age != null">
                age = #{age},
            </if>
            <if test="createDate != null">
                create_date = #{createDate},
            </if>
            <if test="createTime != null">
                create_time = #{createTime},
            </if>
            <if test="type != null">
                type = #{type},
            </if>
        </set>
        where id = #{id}  and version =  #{version}
    </update>

    <update id="cover" parameterType="com.jhd.store.demo.model.Demo">
        update table_demo
        <set>
            <bind name="versionUpdate" value="version + 1"/>
            version = #{versionUpdate},
            name = #{name},
            age = #{age},
            create_date = #{createDate},
            create_time = #{createTime},
            type = #{type},
        </set>
        where id = #{id}  and version =  #{version}
    </update>

    <update id="updateByCriteria" parameterType="com.jhd.store.demo.criteria.DemoCriteria">
        update table_demo
        <set>
            <choose>
                <when test="version != null">
                    <bind name="versionUpdate" value="version + 1"/>
                    version = #{versionUpdate},
                </when>
                <otherwise>
                    version = version + 1,
                </otherwise>
            </choose>
                <if test="name != null">
                    name = #{name},
                </if>
                <if test="age != null">
                    age = #{age},
                </if>
                <if test="createDate != null">
                    create_date = #{createDate},
                </if>
                <if test="createTime != null">
                    create_time = #{createTime},
                </if>
                <if test="type != null">
                    type = #{type},
                </if>
        </set>
        <where>
                <if test="id != null">
                    id = #{id}
                 </if>
                <if test="sdate != null">
                    and create_time >= #{sdate.time}
                </if>
                <if test="edate != null">
                    and create_time &lt;= #{edate.time}
                </if>
                <if test="version != null">
                    and version =  #{version}
                </if>
        </where>
     </update>

    <select id="count" resultType="int">
        select count(*) from table_demo
    </select>

    <select id="findAll" resultMap="demoResultMap" parameterType="Long">
        select <include refid="demoAllColumns"/> from table_demo
    </select>

    <select id="countByCriteria" resultType="int" parameterType="com.jhd.store.demo.criteria.DemoCriteria">
        select count(*) from table_demo
        <where>
            <if test="name != null">
                and name = #{name}
            </if>
            <if test="age != null">
                and age = #{age}
            </if>
            <if test="sdate != null">
               and create_time >= #{sdate.time}
            </if>
            <if test="edate != null">
                 and create_time &lt;= #{edate.time}
            </if>
            <if test="type != null">
                and type = #{type}
            </if>
        </where>
    </select>

    <select id="findByCriteria" parameterType="com.jhd.store.demo.criteria.DemoCriteria" resultMap="demoResultMap">
        select <include refid="demoAllColumns"/>
        from table_demo
        <where>
            <if test="name != null">
                and name = #{name}
            </if>
            <if test="age != null">
                and age = #{age}
            </if>
            <if test="sdate != null">
                and create_time >= #{sdate.time}
            </if>
            <if test="edate != null">
                and create_time &lt;= #{edate.time}
            </if>
            <if test="type != null">
                and type = #{type}
            </if>
        </where>
        <if test="hasOrder">
            ORDER BY
            <foreach collection="order" index="key" item="item" separator=",">
                <if test="item == 'DESC'">
                    ${key} DESC
                </if>
                <if test="item == 'ASC'">
                    ${key} ASC
                </if>
            </foreach>
        </if>
        <if test="usePage">
            <choose>
                <when test="firstResult == 0">
                    limit #{maxResults}
                </when>
                <otherwise>
                    limit #{firstResult}, #{maxResults}
                </otherwise>
            </choose>
        </if>
    </select>
</mapper>
