<?xml version="1.0" encoding="UTF-8"?>
<configuration status="warn" monitorInterval="30">
    <Properties>
        <Property name="PID">????</Property>
        <Property name="LOG_EXCEPTION_CONVERSION_WORD">%xwEx</Property>
        <Property name="LOG_LEVEL_PATTERN">%5p</Property>
        <Property name="LOG_PATTERN">%clr{%d{yyyy-MM-dd HH:mm:ss.SSS}}{faint} %clr{${LOG_LEVEL_PATTERN}}%clr{${sys:PID}}{magenta} %clr{---}{faint} %clr{[%15.15t]}{faint} %clr{%-40.40c{1.}}{cyan} %clr{:}{faint}%m%n${sys:LOG_EXCEPTION_CONVERSION_WORD}
        </Property>
    </Properties>
    <appenders>
        <Console name="Console" target="SYSTEM_OUT" follow="true">
            <PatternLayout pattern="${LOG_PATTERN}"/>
        </Console>
        <RollingFile name="ROLLING" fileName="/data/logs/mahjong/server.log"
                     filePattern="log.%d{yyyy-MM-dd}_%i.log">
            <PatternLayout pattern="%d{HH:mm:ss.SSS} [%t] %-5level %logger{36} - %msg%n"/>
            <Policies>
                <TimeBasedTriggeringPolicy modulate="true" interval="24"/>
                <SizeBasedTriggeringPolicy size="51200 KB"/>
            </Policies>
            <DefaultRolloverStrategy max="20"/>
        </RollingFile>
        <Console name="ConsoleSql" target="SYSTEM_OUT" follow="true">
            <PatternLayout pattern="${LOG_PATTERN}"/>
            <RegexFilter regex=".*executed. insert[\s\S]*|.*executed. update[\s\S]*|.*executed. select[\s\S]*|.*executed. delete[\s\S]*" onMatch="ACCEPT" onMismatch="DENY"/>
        </Console>
    </appenders>
    <loggers>
        <!--  -->
        <logger name="org.springframework" level="info"></logger>

        <logger name="druid.sql" level="debug" additivity="false">
            <AppenderRef ref="ConsoleSql"/>
            <AppenderRef ref="ROLLING"></AppenderRef>
        </logger>
        <Logger name="org.eclipse.jetty" level="info"/>
        <logger name="org.hibernate" level="info"></logger>
        <logger name="org.hibernate.hql" level="info"></logger>
        <Root level="debug">
            <AppenderRef ref="Console"/>
            <AppenderRef ref="ROLLING"></AppenderRef>
        </Root>
    </loggers>
</configuration>