<?xml version="1.0" encoding="UTF-8"?>
<messages package="com.jhd.game.texasholdem" id="100">

    <bean name="TexasAction" explain="玩家操作选项">
        <field type="String" name="type" explain="玩家可操作选项  CALL,FOLD, CHECK,RAISE,ALLIN"></field>
        <field type="double" name="chip" explain="筹码数"></field>
    </bean>
    <bean name="GameRoom" explain="德州扑克房间">
        <field type="int" name="roomId" explain="房间ID"></field>
        <field type="String" name="state" explain="房间状态 CLOSING, CLOSED, READYING, PLAYING"></field>
        <list type="double" name="edgePool" explain="筹码边池"></list>
        <field type="double" name="chipPool" explain="筹码池"></field>
        <field type="double" name="bigBlind" explain="大盲注"></field>
        <field type="int" name="bigBlindIndex" explain="大盲注位置"></field>
        <field type="int" name="smallBlindIndex" explain="小盲注位置"></field>
        <field type="int" name="currentIndex" explain="当前轮到做动作的位置"></field>
        <list type="int" name="publicCards" explain="公共牌"></list>
        <list type="Seat" name="seats" explain="座位"></list>
        <field type="double" name="createTime" explain="房间创建时间"></field>
        <field type="int" name="createPlayerId" explain="房间创建玩家ID"></field>
        <field type="int" name="playedRound" explain="玩了几局了"></field>
    </bean>

    <bean name="TexasCards" explain="德州扑克的牌型">
        <field type="String" name="type"
               explain="牌型 HIGH_CARD, PAIR_CARD, TWO_PAIRS_CARD, THREE_CARD, STRAIGHT, FLUSH, FULL_HOUSE, FOUR_OF_A_KIND, STRAIGHT_FLUSH, ROYAL_FLUSH"></field>
        <list type="int" name="cards" explain="牌"></list>
    </bean>
    <bean name="Player" explain="玩家信息">
        <field type="int" name="id" explain="玩家ID"></field>
        <field type="String" name="nick" explain="玩家昵称"></field>
        <field type="String" name="head" explain="玩家头像"></field>
        <field type="double" name="chip" explain="玩家总筹码"></field>
        <field type="double" name="playingChip" explain="玩家在牌局中筹码"></field>
    </bean>
    <bean name="Seat" explain="座位信息">
        <field type="int" name="index" explain="座位编号(下标为零开始)"></field>
        <field type="String" name="state" explain="座位状态 IDLE, WATCH, READY, PLAYING,FOLDED,ALLIN"></field>
        <field type="boolean" name="online" explain="是否在线"></field>
        <field type="double" name="betChip" explain="本轮下的筹码"></field>
        <field type="double" name="phaseBetChip" explain="本阶段的筹码"></field>
        <field type="double" name="turnTime" explain="轮到该座位的时间"></field>
        <field type="Player" name="player" explain="座位上的玩家"></field>
        <list type="int" name="handCards" explain="手牌"></list>
        <field type="TexasCards" name="texasCards" explain="牌型"></field>
    </bean>


    <bean name="PkSeat" explain="比牌座位">
        <field type="int" name="index" explain="座位编号(下标为零开始)"></field>
        <list type="int" name="handCards" explain="手牌"></list>
        <field type="TexasCards" name="texasCards" explain="牌型"></field>
        <field type="int" name="poolIndex" explain="边池的index 下标0开始 -1 表示主池"></field>
        <field type="double" name="chip" explain="收益"></field>
        <field type="boolean" name="win" explain="输赢"></field>
    </bean>
    <bean name="PkSeatGroup" explain="比牌组-废弃(2017.09.26)">
        <list type="PkSeat" name="pkSeats" explain="比牌座位"></list>
    </bean>

    <message id="101" type="CS" name="Login" explain="请求登录">
        <field type="String" name="token" explain="服务器给的唯一标识"></field>
    </message>
    <message id="102" type="SC" name="Login" explain="登录返回">
        <field type="Player" name="player" explain="玩家信息"></field>
    </message>

    <message id="103" type="CS" name="CreateRoom" explain="请求创建房间">
        <field type="String" name="name" explain="房间名"></field>
        <field type="double" name="ante" explain="前注"></field>
        <field type="double" name="bigBlind" explain="大盲注"></field>
        <field type="double" name="howLongTime" explain="玩多久(毫秒数)"></field>
        <field type="double" name="chip" explain="初始筹码"></field>
        <field type="double" name="maxChip" explain="最大筹码"></field>
    </message>

    <message id="104" type="SC" name="CreateRoom" explain="请求创建房间返回">
        <field type="GameRoom" name="room" explain="房间信息"></field>
    </message>
    <message id="105" type="CS" name="EntryRoom" explain="请求进入房间">
        <field type="int" name="roomId" explain="房间Id"></field>
        <field type="boolean" name="sit" explain="是否坐下"></field>
    </message>

    <message id="106" type="SC" name="EntryRoom" explain="玩家进入房间返回">
        <field type="GameRoom" name="room" explain="房间信息"></field>
    </message>
    <message id="107" type="CS" name="Sit" explain="请求坐下">
        <field type="int" name="seatIndex" explain="座位Id(下标为开始为0)"></field>
    </message>

    <message id="108" type="SC" name="Sit" explain="玩家坐下通知">
        <field type="Seat" name="seat" explain="玩家坐下的位置"></field>
    </message>
    <message id="109" type="CS" name="Bet" explain="请求下注">
        <field type="double" name="chip" explain="下注筹码"></field>
    </message>

    <message id="110" type="SC" name="Bet" explain="玩家下注通知,过，跟，加, allin 都是这一个消息">
        <field type="double" name="chip" explain="下注筹码"></field>
        <field type="int" name="seatIndex" explain="下注座位编号(0开始)"></field>
        <field type="String" name="type" explain="下注下注类型 CHECK,CALL,RAISE,ALLIN"></field>
        <field type="double" name="chipPool" explain="当前奖池筹码"></field>
    </message>
    <message id="111" type="CS" name="Check" explain="请求过">
    </message>

    <message id="112" type="SC" name="Check" explain="玩家过牌通知">
        <field type="int" name="seatIndex" explain="座位编号(0开始)"></field>
    </message>
    <message id="113" type="CS" name="Fold" explain="请求弃牌">
    </message>
    <message id="114" type="SC" name="Fold" explain="玩家弃牌通知">
        <field type="int" name="seatIndex" explain="座位编号(0开始)"></field>
    </message>

    <message id="115" type="CS" name="Allin" explain="请求Allin">
    </message>

    <message id="116" type="SC" name="Allin" explain="玩家Allin通知">
        <field type="int" name="seatIndex" explain="座位编号(0开始)"></field>
        <field type="double" name="chip" explain="allin的筹码"></field>
    </message>

    <message id="117" type="CS" name="QuickGame" explain="快速游戏">
    </message>

    <message id="119" type="CS" name="ReadyGame" explain="准备/取消">
        <field type="boolean" name="ready" explain="准备/取消 true/false"></field>
    </message>
    <message id="120" type="SC" name="ReadyGame" explain="准备/取消通知">
        <field type="int" name="seatIndex" explain="座位编号"></field>
        <field type="boolean" name="ready" explain="准备/取消 true/false"></field>
    </message>


    <message id="121" type="CS" name="Stand" explain="请求站起">
    </message>

    <message id="122" type="SC" name="Stand" explain="玩家站起通知">
        <field type="int" name="seatIndex" explain="座位编号"></field>
    </message>
    <message id="123" type="CS" name="Call" explain="请求跟注">
    </message>

    <message id="124" type="SC" name="Call" explain="请求跟注返回">
        <field type="int" name="seatIndex" explain="座位编号(0开始)"></field>
        <field type="double" name="chip" explain="跟注的筹码"></field>
    </message>
    <message id="200" type="SC" name="startGame" explain="游戏开始">
        <field type="GameRoom" name="room" explain="房间信息"></field>
    </message>

    <message id="201" type="SC" name="PublicCards" explain="当前的所有公共牌">
        <field type="String" name="phase" explain="牌局阶段 PERFLOP,FLOP,TURN,RIVER"></field>
        <list type="int" name="publicCards" explain="当前的所有公共牌"></list>

    </message>


    <message id="202" type="SC" name="OnlineChange" explain="玩家在线状态改变">
        <field type="boolean" name="online" explain="是否在线true/false"></field>
        <field type="int" name="seatIndex" explain="座位编号"></field>
    </message>


    <message id="203" type="SC" name="ActionTurn" explain="轮到玩家操作">
        <field type="int" name="seatIndex" explain="座位编号"></field>
        <list type="TexasAction" name="actions" explain="可操作选项"></list>
    </message>
    <message id="204" type="SC" name="RoundClear" explain="当局结算">
        <list type="Seat" name="seats" explain="座位"></list>
    </message>

    <message id="205" type="SC" name="PartChip" explain="分筹码池">
        <list type="double" name="edgePool" explain="边池"></list>
        <field type="double" name="chipPool" explain="主池"></field>
    </message>

    <message id="206" type="SC" name="TexasCardsType" explain="我的牌型">
        <field type="TexasCards" name="texas" explain="牌型"></field>
    </message>

    <message id="207" type="SC" name="PKSeat" explain="玩家比牌消息">
        <list type="PkSeat" name="pkSeats"></list>
    </message>

    <message id="208" type="SC" name="GetChipPool" explain="获取筹码消息">
        <field type="double" name="chip" explain="获取多少筹码"></field>
    </message>
</messages>