<?xml version="1.0" encoding="UTF-8"?>
<messages package="com.jhd.game.texasholdem" id="300">

    <message id="100" type="SS" name="ReqAIRoomConnection" explain="ai房间连接">
        <field type="String" name="token" explain="连接凭证"></field>
        <field type="int" name="roomId" explain="房间ID"></field>

    </message>

    <message id="101" type="SS" name="ResAIRoomConnection" explain="ai房间连接">
        <field type="GameRoom" name="room" explain="房间信息"></field>
    </message>
</messages>